<scene>
 <!--Sol-->
 <group>
 <translate X="0" />
 <rotacao tempo="62.9" eX="0" eY="1" eZ="0" />
 <scale X="9.6" Y="9.5" Z="9.5"/>
 <color X="0.97" Y="1" Z="0.18"/>
 <models>
  <model file="../sphere.3d" />
 </models>
 </group>
 <!--Mercúrio-->
 <group>
 <translate X="15" />
 <rotate angle="-0.1" axisX="0" axisY="0" axisZ="1" />
 <rotacao tempo="62.9" eX="0" eY="1" eZ="0" />
 <scale X="0.4878" Y="0.4878" Z="0.4878"/>
 <color X="1" Y="0.6" Z="0.46"/>
  <translacao tempo="50">
   <ponto pX="15" pY="0" pZ="0"/>
   <ponto pX="10.6" pY="0" pZ="10.6"/>
   <ponto pX="0" pY="0" pZ="15"/>
   <ponto pX="-10.6" pY="0" pZ="10.6"/>
   <ponto pX="-15" pY="0" pZ="0"/>
   <ponto pX="-10.6" pY="0" pZ="-10.6"/>
   <ponto pX="0" pY="0" pZ="-15"/>
   <ponto pX="10.6" pY="0" pZ="-10.6"/>
  </translacao>
 <models>
  <model file="../sphere.3d" />
 </models>
</group>
 <!--Venus-->
 <group>
 <translate X="22" />
 <rotate angle="177.3" axisX="0" axisY="0" axisZ="1" />
 <rotacao tempo="62.9" eX="0" eY="1" eZ="0" />
 <scale X="1.2104" Y="1.2104" Z="1.2104"/>
 <color X="1" Y="0.95" Z="0.7"/>
  <translacao tempo="50">
   <ponto pX="22" pY="0" pZ="0"/>
   <ponto pX="15.55" pY="0" pZ="15.55"/>
   <ponto pX="0" pY="0" pZ="22"/>
   <ponto pX="-15.55" pY="0" pZ="15.55"/>
   <ponto pX="-22" pY="0" pZ="0"/>
   <ponto pX="-15.55" pY="0" pZ="-15.55"/>
   <ponto pX="0" pY="0" pZ="-15"/>
   <ponto pX="15.55" pY="0" pZ="-15.55"/>
  </translacao>
 <models>
  <model file="../sphere.3d" />
 </models>
 </group>
 <!--Terra-->
 <group>
 <translate X="27.5" />
 <rotate angle="-23.26" axisX="0" axisY="0" axisZ="1" />
 <rotacao tempo="62.9" eX="0" eY="1" eZ="0" />
 <scale X="1.2742" Y="1.2742" Z="1.2742"/>
 <color X="0.14" Y="0.43" Z="1"/>
  <translacao tempo="50">
   <ponto pX="27.5" pY="0" pZ="0"/>
   <ponto pX="19.44" pY="0" pZ="19.44"/>
   <ponto pX="0" pY="0" pZ="27.5"/>
   <ponto pX="-19.44" pY="0" pZ="19.44"/>
   <ponto pX="-27.5" pY="0" pZ="0"/>
   <ponto pX="-19.44" pY="0" pZ="-19.44"/>
   <ponto pX="0" pY="0" pZ="-27.5"/>
   <ponto pX="19.44" pY="0" pZ="-19.44"/>
  </translacao>
 <models>
  <model file="../sphere.3d" />
 </models>
 <!--Lua-->
 <group>
  <translate X="-0.5" Z="1.8" />
 <rotacao tempo="62.9" eX="0" eY="1" eZ="0" />
  <rotate angle="-2" axisX="0" axisY="0" axisZ="1" />
  <scale X="0.28" Y="0.28" Z="0.28" />
  <color X="1" Y="1" Z="1"/>
  <models>
   <model file="../sphere.3d" />
  </models>
 </group>
 </group>
 <!--Marte-->
 <group>
 <translate X="36.5" />
 <rotacao tempo="62.9" eX="0" eY="1" eZ="0" />
 <rotate angle="-25.19" axisX="0" axisY="0" axisZ="1" />
 <scale X="0.678" Y="0.678" Z="0.678"/>
 <color X="1" Y="0.01" Z="0.01"/>
  <translacao tempo="50">
   <ponto pX="36.5" pY="0" pZ="0"/>
   <ponto pX="25.8" pY="0" pZ="25.8"/>
   <ponto pX="0" pY="0" pZ="36.5"/>
   <ponto pX="-25.8" pY="0" pZ="25.8"/>
   <ponto pX="-36.5" pY="0" pZ="0"/>
   <ponto pX="-25.8" pY="0" pZ="-25.8"/>
   <ponto pX="0" pY="0" pZ="-36.5"/>
   <ponto pX="25.8" pY="0" pZ="-25.8"/>
  </translacao>
 <models>
  <model file="../sphere.3d" />
 </models>
 <!--Fobos-->
 <group>
  <translate X="-0.9" Y="1.3" />
 <rotacao tempo="62.9" eX="0" eY="1" eZ="0" />
  <rotate angle="-2" axisX="0" axisY="0" axisZ="1" />
  <scale X="0.21" Y="0.21" Z="0.21" />
  <color X="1" Y="0.65" Z="0.12"/>
  <models>
   <model file="../sphere.3d" />
  </models>
 </group>
 </group>
 <!--Jupiter-->
 <group>
 <translate X="59" />
 <rotacao tempo="62.9" eX="0" eY="1" eZ="0" />
 <rotate angle="-3.13" axisX="0" axisY="0" axisZ="1" />
 <scale X="3" Y="3" Z="3"/>
 <color X="1" Y="0.69" Z="0.42"/>
  <translacao tempo="50">
   <ponto pX="59" pY="0" pZ="0"/>
   <ponto pX="41.72" pY="0" pZ="41.72"/>
   <ponto pX="0" pY="0" pZ="59"/>
   <ponto pX="-41.72" pY="0" pZ="41.72"/>
   <ponto pX="-59" pY="0" pZ="0"/>
   <ponto pX="-41.72" pY="0" pZ="-41.7193"/>
   <ponto pX="0" pY="0" pZ="-59"/>
   <ponto pX="41.72" pY="0" pZ="-41.72"/>
  </translacao>
 <models>
  <model file="../sphere.3d" />
 </models>
 <!--Europa-->
 <group>
  <translate X="-0.9" Y="1.8" />
 <rotacao tempo="62.9" eX="0" eY="1" eZ="0" />
  <rotate angle="-0.5" axisX="0" axisY="0" axisZ="1" />
  <scale X="0.11" Y="0.11" Z="0.11" />
  <color X="1" Y="0.1216" Z="0.74"/>
  <models>
   <model file="../sphere.3d" />
  </models>
 </group>
 </group>
 <!--Saturno-->
 <group>
 <translate X="70" />
 <rotacao tempo="62.9" eX="0" eY="1" eZ="0" />
 <rotate angle="-26.73" axisX="0" axisY="0" axisZ="1" />
 <scale X="2.4" Y="2.4" Z="2.4"/>
 <color X="1" Y="0.46" Z="0.26"/>
  <translacao tempo="50">
   <ponto pX="70" pY="0" pZ="0"/>
   <ponto pX="49.5" pY="0" pZ="49.5"/>
   <ponto pX="0" pY="0" pZ="70"/>
   <ponto pX="-49.5" pY="0" pZ="49.5"/>
   <ponto pX="-70" pY="0" pZ="0"/>
   <ponto pX="-49.5" pY="0" pZ="-49.5"/>
   <ponto pX="0" pY="0" pZ="-70"/>
   <ponto pX="49.5" pY="0" pZ="-49.5"/>
  </translacao>
 <models>
  <model file="../sphere.3d" />
 </models>
 <!--Titã-->
 <group>
  <translate X="-0.9" Y="1.2" />
 <rotacao tempo="62.9" eX="0" eY="1" eZ="0" />
  <rotate angle="0.4" axisX="0" axisY="0" axisZ="1" />
  <scale X="0.15" Y="0.15" Z="0.15" />
  <color X="1" Y="0.82" Z="0.32"/>
  <models>
   <model file="../sphere.3d" />
  </models>
 </group>
 </group>
 <!--Urano-->
 <group>
 <translate X="85" />
 <rotacao tempo="62.9" eX="0" eY="1" eZ="0" />
 <rotate angle="-97.77" axisX="0" axisY="0" axisZ="1" />
 <scale X="1.9" Y="1.9" Z="1.9"/>
 <color X="0.79" Y="0.82" Z="1"/>
  <translacao tempo="50">
   <ponto pX="85" pY="0" pZ="0"/>
   <ponto pX="60.1" pY="0" pZ="60.1"/>
   <ponto pX="0" pY="0" pZ="85"/>
   <ponto pX="-60.1" pY="0" pZ="60.1"/>
   <ponto pX="-85" pY="0" pZ="0"/>
   <ponto pX="-60.1" pY="0" pZ="-60.1"/>
   <ponto pX="0" pY="0" pZ="-85"/>
   <ponto pX="60.1" pY="0" pZ="-60.1"/>
  </translacao>
 <models>
  <model file="../sphere.3d" />
 </models>
 <!--Umbriel-->
 <group>
  <translate X="-1.2" Y="1.2" />
 <rotacao tempo="62.9" eX="0" eY="1" eZ="0" />
  <rotate angle="0.2" axisX="0" axisY="0" axisZ="1" />
  <scale X="0.18" Y="0.18" Z="0.18" />
  <color X="0.84" Y="0.77" Z="0.77"/>
  <models>
   <model file="../sphere.3d" />
  </models>
 </group>
 </group>
 <!--Neptuno-->
 <group>
 <translate X="96" />
 <rotacao tempo="62.9" eX="0" eY="1" eZ="0" />
 <rotate angle="-28.32" axisX="0" axisY="0" axisZ="1" />
 <scale X="1.5" Y="1.5" Z="1.5"/>
 <color X="0.24" Y="0.13" Z="0.84"/>
  <translacao tempo="50">
   <ponto pX="96" pY="0" pZ="0"/>
   <ponto pX="67.88" pY="0" pZ="67.88"/>
   <ponto pX="0" pY="0" pZ="96"/>
   <ponto pX="-67.88" pY="0" pZ="67.88"/>
   <ponto pX="-96" pY="0" pZ="0"/>
   <ponto pX="-67.88" pY="0" pZ="-67.88"/>
   <ponto pX="0" pY="0" pZ="-96"/>
   <ponto pX="67.88" pY="0" pZ="-67.88"/>
  </translacao>
 <models>
  <model file="../sphere.3d" />
 </models>
 <!--Tritão-->
 <group>
  <translate Y="1.62" Z="-1.23" />
 <rotacao tempo="62.9" eX="0" eY="1" eZ="0" />
  <rotate angle="157" axisX="0" axisY="0" axisZ="1" />
  <scale X="0.14" Y="0.14" Z="0.14" />
  <color X="0.84" Y="0.31" Z="0.38"/>
  <models>
   <model file="../sphere.3d" />
  </models>
 </group>
 </group>
<group>
  <translate X="30" Z="30" Y="-10" />
 <rotacao tempo="62.9" eX="1" eY="0" eZ="0" />
  <rotate angle="-90" axisX="1" axisY="0" axisZ="0" />
  <scale X="3" Y="3" Z="3" />
  <color X="0.05" Y="0.84" Z="0.79"/>
  <models>
   <model file="../bezier.3d" />
  </models>
 </group>
</scene>
